artist_clean,scrobbles
forfun,1879
astrix,927
limp bizkit,911
linkin park,892
vegas,860
blink182,676
freedom fighters,630
groundbass,616
system of a down,595
blazy,594
neelix,466
vini vici,458
electric universe,424
captain hook,387
phaxe,385
the offspring,383
omiki,355
ranji,354
avenged sevenfold,353
synthatic,332
ghost rider,332
avalon,330
a day to remember,329
slipknot,312
vermont,311
terra,264
bloodywood,259
tijah,257
merkaba,251
avicii,242
mitsunari br,237
invasion,234
charlie brown jr,227
gms,219
the ghost inside,217
sum 41,209
anavitria,209
ace ventura,208
celestial aeon project,207
calvin harris,206
foo fighters,204
avan7,200
tisto,197
technical hitch,193
killerwatts,190
korn,188
falling in reverse,187
blastoyz,185
swedish house mafia,183
howard shore,177
armin van buuren,176
strike,164
braza,155
rinkadink,150
skindred,149
bring me the horizon,147
green day,142
pitty,138
jirayauai,133
basscannon,131
trilhas e razes,130
altruism,129
mahakatha,128
faders,125
pandora,123
sajanka,121
mrkitty,119
dimitri vegas like mike,119
the rasmus,118
liquid soul,115
aronchupa,114
coldplay,114
charlotte de witte,112
antonio vivaldi,112
fresno,111
cronocops,110
pantera,109
rage against the machine,105
dead musicians society,105
talpa,103
gorillaz,102
major7,101
cpm 22,100
perfect stranger,100
rfs du sol,100
nx zero,100
all in one,99
animato,97
querox,96
loveless,94
shanti people,92
ludwig van beethoven,89
kataklysm,88
meduza,85
damian marley,85
evanescence,85
bullet for my valentine,85
skank,82
earthspace,82
menumas,82
the chainsmokers,82
architects,81
wolfgang amadeus mozart,79
aura vortex,79
the whispering hymn,79
rising dust,79
chapeleiro,78
imagine dragons,78
claudinho brasil,76
tristan,76
sowulo,75
hilight tribe,75
mudvayne,74
hillsong united,72
adama,71
red hot chili peppers,71
3 of life,70
metallica,69
roberta campos,69
alpha portal,68
bob marley the wailers,68
webra,68
perception,67
audioslave,67
alice in chains,66
roby giordana,66
far east movement,66
alok,65
megadeth,65
dekel,65
m83,65
avalien,64
detonautas roque clube,64
raul seixas,63
machete bomb,63
post malone,63
morten granau,62
konaefiz,62
rubel,62
parov stelar,62
thiaguinho,61
papa roach,61
nf,60
berg,60
steve aoki,60
onerepublic,59
mad maxx,59
harry styles,59
trampsta,59
chemical noise,59
mandragora,58
kvsh,57
budang,57
creed,57
three days grace,56
jack johnson,55
maroon 5,55
nelson gonalves,55
indira paganotto,54
mekkanikka,53
pod,52
reverence,52
memento mori,52
legio urbana,52
mad tribe,52
marjorie estiano,51
munknrr,51
mavic,51
lagum,51
adele,51
undercover,51
new west,51
rise against,51
hateen,50
disturbed,50
sepultura,49
david guetta,49
pettra,49
drowning pool,49
dubdogz,48
nando reis,48
illusionize,47
o rappa,47
rosa walton,47
spiritbox,47
talamasca,47
the weeknd,47
ls jack,47
dezko,46
adalamoon,46
xalv,46
hi profile,46
burn in noise,46
martin garrix,46
eminem,46
jorge mateus,45
becker,45
crystal castles,45
maneva,45
dzp,44
kavinsky,44
amanati,44
ini kamoze,43
bad omens,43
os paralamas do sucesso,43
decapitated,43
stuff,43
fury in few,43
the kid laroi,43
world complete,42
memphis may fire,42
deorro,42
spectra sonics,41
uncharted territory,41
glowing aura,40
soja,40
miley cyrus,39
pixote,39
gilsons,39
pearl jam,39
lilly palmer,39
mareux,39
wnboss,39
staticx,39
burn the priest,38
vintage culture,38
shanka tribe,38
macedo,37
nicolas julian,37
raz,37
schrotthagen,37
sonic species,37
plenka,37
the neighbourhood,37
lavern,36
emov,36
marilyn manson,36
marti shanti,36
bhaskar,36
kova,36
alpha blondy,36
my chemical romance,36
emmure,35
maddix,35
marshmello,35
caskets,35
parasynthax,35
absolem,34
space tribe,34
synthwave goose,34
headroom,34
vj,34
matheus kauan,33
dead fish,33
hozier,33
kublai khan tx,32
supermode,32
sumiruna,32
slaughter to prevail,32
klische,32
polaris,32
henrique juliano,31
melim,31
sesto sento,31
domestic,31
aesthetic perfection,31
franz schubert,31
pixies,30
jason aldean,30
the ink spots,30
cssia eller,30
paramore,30
dragon ball,30
ritmo,30
sonata arctica,29
ekkstacy,29
30 seconds to mars,29
halsey,29
hans zimmer,29
sleep token,29
simple plan,29
odesza,28
chimarruts,28
major lazer,28
subtonic,28
bury tomorrow,28
johann sebastian bach,28
hevo84,27
lewis capaldi,27
katy perry,27
arctic monkeys,27
mama quilla,27
alpha wolf,27
we came as romans,27
phantom br,26
unstable,26
jah live,26
beltran,26
daniel deluxe,26
audiomatic,26
vector seven,26
billy idol,26
depeche mode,26
oliver tree,26
gojira,26
alesso,26
alceu valena,26
elis regina,26
manifest now,26
eekamouse,26
restricted,26
dang3r,25
ww,25
blind guardian,25
pixel,25
timmy trumpet,25
pato fu,25
dvrst,25
ajja,25
planta e raiz,25
travis scott,25
zyce,25
anyma,25
loud,24
mike posner,24
art of trance,24
breezy,24
boris brejcha,24
john summit,24
xir missioneiro,24
her last sight,24
dawn penn,24
sara landry,24
will sparks,24
stryker,24
tiago iorc,23
rupestre,23
mxpx,23
maskavo,23
alien art,23
egorythmia,23
queens of the dream world,23
blackhills,23
sonic entity,23
natiruts,23
miss monique,23
wrecked machines,23
sighter,22
adoniran barbosa,22
fred again,22
godsmack,22
kings of leon,22
astral projection,22
skillet,22
ambler,22
u2,22
luiz gonzaga,22
the plot in you,22
gottinari,22
chris lake,22
gorovich,22
magnolia park,21
argy,21
kobi,21
juno reactor,21
stone sour,21
the temper trap,21
dj snake,21
ed sheeran,21
jonas blue,21
synergetic emotion,21
upgrade,21
electric callboy,21
dexter jexxster,21
rob brainstorm,21
bunt,21
henrique camacho,20
duduca dalvan,20
t78,20
angra,20
max romeo,20
stephen sanchez,20
marcos belutti,20
symphonix,20
dibob,20
paranormal attack,20
protoje,20
mato seco,20
lost souls,20
los hermanos,20
galantis,20
whiteno1se,20
deftones,20
matroda,19
nu aspect,19
gio pika,19
obf,19
aha,19
james hype,19
vestron vulture,19
seven lions,19
zayn,19
sugar ray,19
fisher,19
filosofia reggae,19
beckmantra,19
pure healing waves,19
deya dova,19
hardstyle cvnt,19
one direction,19
hensonn,19
stephen marley,18
creeds,18
benson boone,18
mc igu,18
holy priest,18
sidewalks and skeletons,18
asking alexandria,18
radhika vekaria,18
mc lan,18
zen mechanics,18
the sleeping bear,18
skazi,18
dickster,18
lady gaga,18
onze20,18
mushroomhead,18
cachorro grande,17
native soul,17
kid abelha,17
thrown,17
oasis,17
hugh mundell,17
dr shumanou,17
robin schulz,17
pyotr ilyich tchaikovsky,17
cartola,17
shanti v deedrah,17
nickelback,17
muse,17
calmly,17
box car racer,17
falamansa,17
molchat doma,17
palastic,17
fungus funk,17
modus,17
kabaka pyramid,17
don diablo,17
watching the abyss,17
mc koruja,17
tales from the dream world,17
sinnerella,17
wage war,16
mc lelto,16
dica,16
infected mushroom,16
44,16
phantogram,16
killswitch engage,16
metro boomin,16
axwell ingrosso,16
darkest,16
giuseppe verdi,16
marina peralta,16
rscl,16
ari abdul,16
billie eilish,16
vitor kley,16
fideles,16
hypernoova,16
stick figure,16
armandinho,16
nicole alexis,16
kygo,15
ultra sunn,15
meditating spirit,15
dimaa,15
weedmane,15
digicult,15
incubus,15
raimundos,15
spiritual frequencies,15
kxllswxtch,15
point north,15
djsm,15
watsebha,15
dal av,15
avril lavigne,15
the wanted,15
gregory isaacs,15
vanessa da mata,15
dopamine,15
sapientdream,15
tnt,15
sattivus,15
rexalted,15
within temptation,15
cristiano arajo,15
velocity,15
arcade fire,15
cosmic tone,15
mikeeysmind,15
nirvana,15
slumbering shaman,15
foxtune,14
ana carolina,14
fall out boy,14
black eyed peas,14
invader space,14
calcinha preta,14
pawan krishna,14
soothing oasis,14
yeti reggae club,14
totem tone,14
tranquil ceremony,14
tears for fears,14
larcia dantas,14
alborosie,14
escape the fate,14
lana del rey,14
motionless in white,14
hindu chants,14
slovak philharmonic,13
supercombo,13
angrybaby,13
veil of maya,13
peggy gou,13
expresso regueira,13
sonic massala,13
bastille,13
guns n roses,13
james blunt,13
nightwish,13
vxllain,13
turma do pagode,13
pisk,13
catch your breath,13
pop dog,13
taylor swift,13
tits,13
atitude 67,13
kordhell,13
kormac,13
azzura,13
pink floyd,13
loud luxury,13
rihanna,13
gusttavo lima,13
poltergst,13
pastel ghost,13
cypariss,13
dido,13
while she sleeps,13
odeon,13
jayz,13
hallucinogen,13
starlab,13
porangu,12
ponto de equilbrio,12
thxsomch,12
interworld,12
grey daze,12
elley duh,12
epica,12
faith no more,12
eldzhey,12
jeris johnson,12
millencolin,12
bruno mars,12
hollie cook,12
pluvia,12
exaltasamba,12
durs,12
twenty one pilots,12
mokalamity,12
prezioso,12
miss may i,12
faderhead,12
aar,12
ras sparrow,12
october ends,12
4i20,12
opix,12
ashlee simpson,12
lord huron,12
reality test,12
barrington levy,12
kate bush,12
lost frequencies,11
american authors,11
chakra sound bath,11
loreena mckennitt,11
samra,11
brother culture,11
all that remains,11
tove lo,11
jacob,11
the cure,11
dj tony magic,11
raa negra,11
racionais mcs,11
amida nature sounds,11
slayer,11
slowboy,11
shiuli subaya,11
mrblack,11
the strokes,11
bob sinclar,11
darky,11
april shower,11
white noise radiance,11
thornhill,11
sister nancy,11
niccol paganini,11
brad sucks,11
interactive noise,11
aurorawave,11
circuito reggae,11
capleton,11
cidade negra,11
ahzura,11
ullien,11
10 years,11
flo rida,11
mr nobody,11
taproot,11
shamanic guru,11
massivebass,11
camelphat,11
marcelo falco,11
echoes of old stories,11
dubvision,11
via axis,11
marc benjamin,11
sevenn,11
testament,10
monod,10
chitozinho xoror,10
frejat,10
lil nas x,10
chinmaya mission,10
darvin,10
energy healer,10
sticky fingers,10
hoobastank,10
tibagi e miltinho,10
cristoph,10
hybit,10
lamb of god,10
union jack,10
fam0uz,10
victor cena,10
tool,10
indra,10
botond,10
eclip,10
shouse,10
novah,10
allaby,10
rain rec,10
jota quest,10
shaman voices,10
night tales,10
akiaura,10
special m,10
the healing buddha,10
harmonika,10
pnk,10
gama bomb,10
blessthefall,10
dillon francis,10
gabriel s,10
donaleda,10
afi,10
dusty kid,10
dias de truta,10
brns,10
dj kuba,10
agneton,10
the namaste,10
twisted,9
r3hab,9
mc wm,9
jeetu bhowmik,9
jah i ras,9
shtuby,9
shawn mendes,9
vic vision,9
sia,9
djantrix,9
50 cent,9
malifoo,9
rem,9
fovos,9
zahar,9
luthier,9
lunar skybox,9
moti,9
lulu santos,9
dr dre,9
alchimyst,9
dom dolla,9
psydewise,9
silverchair,9
lucas estrada,9
sonny fodera,9
musical youth,9
disclosure,9
puddle of mudd,9
liu,9
hardwell,9
will k,9
parul garg,9
naturem,9
honey revenge,9
ashra,9
haikaiss,9
robert schumann,9
pax saturnum,9
matt sassari,9
ben bhmer,9
julian marley,9
selena gomez,9
rain,9
john denver,9
literrain,8
the rocketman,8
chezidek,8
moreno e moreninho,8
duran duran,8
parov stelar trio,8
james arthur,8
mild minds,8
nao zumbi,8
mystical mantras,8
vianney lopez,8
dua lipa,8
junam,8
xxxtentacion,8
seether,8
capital monkey,8
lumo,8
razes rasta,8
tujamo,8
waio,8
we4sessions,8
j worra,8
terrafractyl,8
journey,8
psysex,8
iza,8
yellowcard,8
lilly wood the prick,8
rain recordings,8
dragon ball z,8
gothboy,8
jacob miller,8
marie vaunt,8
northerly nature,8
joaquim e manuel,8
acraze,8
blondie,8
macklemore ryan lewis,8
avaion,8
flegma,8
jazzotron,8
regnskur,8
surf curse,8
home,8
empirikal,8
arankai,8
undefined behavior,8
outsiders,8
claudinho buchecha,8
craig pruess,8
silent sphere,8
l spirit,8
sam smith,8
atech,8
jon pardi,8
1200 micrograms,8
anthony b,8
sandy,8
matanza,8
1kilo,8
mastodon,8
hypaton,8
louis armstrong,7
alkaline trio,7
horizon project,7
rooftime,7
mariana nolasco,7
medieval lofi ensemble,7
pantomiman,7
djavan,7
samuel moriero,7
iamjakehill,7
tom odell,7
gorgon city,7
the cranberries,7
pitbull,7
good charlotte,7
glwzbll,7
dj topo,7
backstreet boys,7
karoly botvay,7
golden drops,7
atoom,7
blessed mane,7
grimes,7
pt adamczyk,7
nueki,7
mercuroid,7
sebastian ingrosso,7
heilung,7
nat king cole,7
angel choir of peace,7
blur,7
delta pure waves,7
the viceroys,7
dennis,7
the red jumpsuit apparatus,7
avantasia,7
lmfao,7
diamba,7
dod,7
rain inc,7
diogo nogueira,7
waves of sine,7
bliss,7
mystical complex,7
michael calfan,7
dj aguilar,7
the killers,7
groundation,7
aroshanti,7
grouch,7
curbi,7
natalie taylor,7
vedic moon,7
sideform,7
pollo,7
martmois,7
eric prydz,7
drip drop,7
macklemore,7
airi,7
ekanta,7
jason mraz,7
capital cities,7
frankjavcee,7
jimmy eat world,7
agnes nunes,7
dynoro,7
5 seconds of summer,7
ellie goulding,7
don carlos,7
taiwan mc,7
novelists,7
tailormade rain,7
bayside kings,7
aeon,7
freakaholics,7
enya,7
kevin dangello,7
paula fernandes,7
us agroboy,7
jan blomqvist,7
zanon,7
killer be killed,7
lum1na n0va,7
essel,7
fenix tx,7
space 92,7
steel pulse,7
black sabbath,7
albert hoffman,7
elysion,7
3 doors down,7
3x3cute,7
s3bzs,7
al gromer khan,7
dr namaste,7
panjabi mc,7
acidus,7
panic at the disco,7
os filhos de gois,7
empire of the sun,7
mau p,7
felix mendelssohn,7
jaded,7
dreamvibes,7
flor de sal,6
oh the joy,6
natur musikanten,6
mellow fields,6
hillary,6
elysium,6
surrenderdorothy,6
out of orbit,6
bolghar,6
places we go,6
a perfect circle,6
arlindo cruz,6
soundaholix,6
nature vibrations,6
dada life,6
neheart,6
face to face,6
fabio fusco,6
zonderling,6
zoa,6
simply red,6
row,6
route 94,6
counting crows,6
nbsplv,6
10,6
weezer,6
hugel,6
tinlicker,6
singers of the art of living,6
tim berg,6
zinan,6
epiphonema,6
ticon,6
superjoint ritual,6
john newman,6
apashe,6
lipless,6
eliza doolittle,6
teddy swims,6
grupo revelao,6
dj brenno paixo,6
juice wrld,6
michael douglas,6
yves v,6
mylane,6
drown in sulphur,6
drophic,6
rezodrone,6
alien project,6
rick rastro,6
justin bieber,6
dream on dreamer,6
pawsa,6
migos,6
dj tonetto,6
georges bizet,6
luke combs,6
black pantera,6
ghost,6
polar night,6
thales dumbra,6
earthbound,6
aerosmith,6
kaspar,6
ectima,6
mensana,6
antiflag,6
electric youth,6
francois smith,6
anonymus tech,6
samantha machado,6
bob,6
rob zombie,6
the smiths,6
repiet,6
harmonious nature,6
andrea botez,6
french 79,6
ovnimoon,6
zapravka,6
ancestral elephants,6
lo canhoto robertinho,6
ame,6
xinobi,6
moonclipse,6
pacific rain,6
september,6
lo delibes,6
french montana,6
peter graham,6
college,6
awaken i am,6
audiotec,6
wah,6
shinkeials,6
ty burhoe,6
topic,6
jimi jules,6
vanessa carlton,6
pique novo,6
sheila chandra,6
brennan heart,6
mc luiggi,6
shashikant vyas,6
true north,6
kell smith,6
salvao,6
chinese man,6
tribalistas,6
jeremy soule,6
chris lorenzo,6
noizu,6
christina perri,6
serene surroundings,6
xwave testarossa,5
sound fx of nature,5
maria gad,5
pedro sampaio,5
psykadelik,5
rayne,5
jet,5
kanka,5
the pussycat dolls,5
bhanupratap rawal,5
scorpion,5
klogr,5
omnia,5
jack,5
giorgia angiuli,5
maverick sabre,5
joshwa,5
gibran alcocer,5
northlane,5
liquid planet recordings,5
dope,5
linval thompson,5
doubkore,5
chromatic reflections,5
wailing souls,5
alex melton,5
kanta khatri,5
snoop dogg,5
luan unplugged,5
lorde,5
hacoon,5
the outfield,5
michael bibi,5
samsara,5
disco lines,5
the magical drops,5
chmcl sup,5
lorn,5
guilherme silva,5
chico csar,5
dj alex bnh,5
salvo,5
iron dubz,5
grip inc,5
michael jackson,5
almanac,5
something good,5
babalos,5
gramatik,5
the gladiators,5
alien ant farm,5
r guru,5
ali bakgor,5
israel vibration,5
yehezkel raz,5
slxughter,5
cazzette,5
space kiddo,5
dozy sounds,5
make them suffer,5
fleetwood mac,5
niteboi,5
beauz,5
fletcher henderson,5
binaural boy,5
empyrean,5
surfer blood,5
mishashi sensei,5
emicida,5
mindful measures,5
eli brown,5
four winds,5
electrypnose,5
acdc,5
electricality,5
enmy,5
stick to your guns,5
wade,5
mc fioti,5
seranji,5
sublime,5
subham jossi,5
21 savage,5
kafka,5
farr,5
3030,5
strxy,5
feathered dreams,5
miyagi andy panda,5
unprocessed,5
unlogix,5
stormie,5
becky hill,5
suns of arqa,5
marc streitenfeld,5
jhann jhannsson,5
milo graves,5
sagason,5
bizzare contact,5
dub sutra,5
gamper dadoni,5
tayrone cigano,5
sable hills,5
dripdrop,5
kiraw,5
breezy brooks,5
spada,5
protonica,5
prutrance,5
dream theater,5
pondora,5
shubhraji,5
cassetter,5
paleface swiss,5
duke ellington,5
kingdom of sorrow,5
jane winther,5
radiohead,5
byrn,5
zebrahead,5
voodoo serano,5
edreeszy,5
spiritual shamans of aurora borealis,5
jamie berry,5
tame impala,5
callista rivers,5
echo wolf,5
vowl,5
jilax,5
reclaiming silence,5
sphera,5
health,5
vanessa storm,5
keane,5
marnik,5
ogie,5
apolinrio,5
johnny carrera,5
any given sin,5
men at work,5
wilee,5
skryptonite,5
toto,5
johannes brahms,5
skyyy,5
averys ambient,5
cigarettes after sex,5
dead can dance,5
ranty,5
arcangelo corelli,5
hollow coves,5
nature recordings,5
damageplan,5
home grown,5
john mayer,5
cypress hill,5
martin jensen,5
illdisposed,5
aurora,5
nu meditation music,5
tim maia,5
layam,5
weaver of dreams,5
roxette,5
silkroad,5
atomflow,5
animelmack,5
luciid,5
deathnov,5
hemattoma,5
vansire,4
dynazty,4
sir edward elgar,4
dylan charbeneau,4
furaco 2000,4
talita mel,4
biscits,4
cut through noise,4
age of love,4
deva premal,4
lwd rain,4
sacred earth,4
dusty clav,4
cyndi lauper,4
san pacho,4
leela,4
bard to the core,4
andrej meyer,4
duke dumont,4
rainded,4
projota,4
lxst child,4
bones,4
mc kevin o chris,4
lebanon hanover,4
benny blanco,4
jansons,4
janos sebestyen,4
martin ikin,4
cody johnson,4
aurora beach,4
pele fria,4
spiritual flower,4
sacred flute,4
sariel orenda,4
artemas,4
calm storm,4
shaman,4
laboratori,4
ecca vandal,4
calming cradle,4
earths rain,4
o surto,4
calmster,4
z neto cristiano,4
vozes de guerra,4
crystal lake,4
thunder in paradise,4
dreamdrops,4
turquoise turmoil,4
dale howard,4
christoph willibald gluck,4
geazy,4
akshin alizadeh,4
carsey beats,4
armenian duduk,4
drake,4
kirk,4
cleiton rasta,4
saaswathi prabhu,4
dan zamani,4
shantala,4
klaus badelt,4
kundharma,4
bi e dino franco,4
dangello francis,4
dangle,4
ofenbach,4
baltic nature sounds,4
akon,4
nik sitz,4
lutan fyah,4
instrumaniac,4
o teatro mgico,4
taylor torrence,4
nikolai rimskykorsakov,4
matu,4
little sis nora,4
gang starr,4
dropletecal,4
shania twain,4
mos elian,4
banda do mar,4
spect3r,4
drivotra,4
peace in stillness,4
bkaye,4
oliver skye,4
visionv,4
matt nash,4
killawaya,4
gerhard fankhauser,4
ethereofantes,4
eternal heart,4
regnmannen,4
fifth harmony,4
fikir amlak,4
ero808,4
kabayun,4
meis,4
mitsch kohn,4
coming soon,4
binaural beats sleep,4
praio prainha,4
vitinho imperador,4
outdoor field recorders,4
bryan behr,4
hujaboy,4
binaural beats study music,4
crazy box,4
zimbra,4
creativewaves,4
kael verb,4
sergei rachmaninoff,4
john holt,4
4 non blondes,4
vizionn,4
qalander,4
coolio,4
royal rain,4
hyper,4
eynhallow,4
eyedress,4
mantramind,4
tracy chapman,4
man with no name,4
winson,4
regard,4
fats waller,4
simple minds,4
mochakk,4
cosmic energy,4
zodivk,4
stosliv,4
silent theory,4
engenheiros do hawaii,4
buddhas flute,4
ostrava recordings,4
masterplan,4
picco,4
timbaland,4
sangenjaya,4
layton giordani,4
lazerpunk,4
niotech,4
francisca la braza,4
hayden james,4
acid sonic,4
master minded,4
frank sinatra,4
haruna fields,4
symphony x,4
lazlo,4
renato russo,4
stand high patrol,4
franz liszt,4
lyriel,4
synthprincipal,4
accuweather,4
beachcrimes,4
ziggy marley,4
asc,4
mediyoga,4
john legend,4
seu pereira e coletivo 401,4
kevin de vries,4
binaural dreamer,4
zerosum,4
ummet ozcan,4
mahaya,4
florence the machine,4
sean paul,4
navala,4
nipun aggarwal,4
voil,4
aaron smith,4
abalska,4
seven,4
kflay,4
bigaranx,4
formula none,4
liquidge,4
vyrn,4
iwilldiehere,4
israel rodolffo,4
gordo do pc,4
toroki,4
dead by sunrise,4
years years,4
the electric swing circus,4
the forest escape,4
one juno,4
dimitri vangelis wyman,4
lit,4
waldeck,4
dj jeeh fdc,4
skrillex,4
pleiadians,4
guru josh project,4
the quiet path,4
anonymous,4
j,4
dead lakes,4
viq,4
darkraizard,4
lucas steve,4
sorriso maroto,4
joseph capriati,4
mc menor hr,4
ryan oakes,4
smash mouth,4
pedro rato,4
infinite field,4
mc orsen,4
lsdirty,4
soniyaa bhattacharya,4
gonzi,4
charlotte sands,4
isolateexe,4
worrysome skies,4
native classical sounds,4
gumnut,4
dblack,4
greywind,4
isamu,4
sam feldt,4
iron maiden,4
yann tiersen,4
chinese garden,4
io,4
kronan,4
inxs,4
vibronics,4
bob crosby,4
skyfall beats,4
myrkur,4
tosama beats,4
onlynumbers,4
tribal seeds,4
mc teteu,4
shpongle,4
graviity,4
axwell,4
alter bridge,4
diplo,4
alanis morissette,4
wardruna,4
blind dreamer,4
ingrained instincts,4
the hanumen,4
naeleck,4
altered state,4
gnash,4
jorge vercillo,4
thaeme thiago,4
much the same,4
celestial alignment,4
giacomo puccini,4
the absorption,4
dona cislene,4
middle mode,4
masami,4
nic d,4
gloomy prospect,4
willie nelson,4
albredo contor,4
mugambi,4
thirty seconds to mars,4
archers,4
joo gustavo e murilo,4
celestial noise,4
lentourloop,4
benny goodman,4
vachtraum,4
handpansolo,4
nu,4
xerox,4
warp brothers,4
lucy in disguise,4
ale vaz,4
rodney atkins,4
metronome,4
waveshaper,4
j cartwright,4
new order,4
hillsong worship,4
yotto,4
leoni,4
london philharmonic orchestra,4
new medicine,4
yot club,4
michel tel,4
handpanmusic collective,4
handpan mystic flow,4
mc mazzie,4
joo gomes,4
sekhar menon,4
offset,4
lagwagon,3
sandro shankara,3
i hate models,3
miyagi,3
rat boy,3
guns,3
jaydan wolf,3
fnx,3
pro nobis,3
sofia rain,3
septicflesh,3
relaxcation,3
fagner,3
sofi tukker,3
interspaces,3
handpan joe,3
joo bosco vincius,3
invadable harmony,3
laurent ferlet,3
inndrive,3
seu jorge,3
mahesh,3
kensuke ushio,3
henrique diego,3
slander,3
lauana prado,3
slow sense,3
joel corry,3
fight the fade,3
fifty fifty,3
keta kraus,3
sleeping stars,3
focus mind,3
lamafra,3
sephira,3
stone temple pilots,3
kute,3
silk,3
robbie robertson,3
ffalling,3
felipe arajo,3
stonefox,3
rita lee,3
kertox,3
icegergert,3
hail the sun,3
jelly roll morton,3
kadum,3
gym class heroes,3
secretpath,3
misted minds,3
fantasm,3
fantom 87,3
icona pop,3
rebelution,3
rael,3
mk,3
fit for a king,3
lonely ambition,3
lasmar,3
make u sweat,3
quarterhead,3
matchbox twenty,3
sak noel,3
fatsync,3
meryl stream,3
shwamp,3
snj,3
lemex,3
kream,3
krishnas flute,3
grupo menos mais,3
gloria,3
ganesh punja,3
let it rain,3
semisonic,3
satyaa,3
imbrem,3
galactic,3
samurai,3
leeland,3
gabry ponte,3
memria viva guarani,3
gnarls barkley,3
gabriel faur,3
gabe,3
g3oxem,3
riton,3
john bittar,3
honeyluv,3
mariana aydar,3
rain hard,3
future,3
romantica,3
luude,3
lucky luke,3
selvagens procura de lei,3
slip hypnotic,3
space motion,3
jack harlow,3
sounds of the royal parks,3
martin campbell,3
mcs zaac,3
klipsun,3
sounds of optimism,3
sp3ctrum,3
s3n0,3
queens of the stone age,3
marten hrger,3
ludacris,3
sick individuals,3
sound bowl meditation,3
gateway iv,3
gj,3
maximum love,3
in parallel,3
in natura,3
garbage,3
richard armitage,3
shawel sirak,3
l1or,3
goo goo dolls,3
kuko,3
lxst cxntury,3
hot mulligan,3
m1rk0,3
quintino,3
gravedgr,3
rules,3
ji vlek,3
mato wayuhi,3
sleep miracle,3
roberta s,3
starfire meditation,3
mindbenderz,3
melicia,3
sadhguru,3
ravid,3
katchafire,3
foster the people,3
lost society,3
madeaux,3
sola vimi,3
magic mizrahi,3
forfedre,3
relaxing nature recordings,3
rugrats,3
shadowmaw,3
light the torch,3
ital,3
samuel barber,3
spirit architect,3
michael mandrell and benjy wertheimer,3
issey cross,3
lisa gerrard,3
restart,3
fujiyama,3
fugees,3
hildegard von bingen,3
masood ali khan,3
milionrio jos rico,3
gotye,3
frdric chopin,3
massive vibes,3
milky chance,3
jannis block,3
lykke li,3
milleniumkid,3
french police,3
grace,3
lynda carter,3
lynyrd skynyrd,3
skrobeer,3
lees de israel,3
dxrk,3
fabrizio paterlini,3
cloonee,3
nicholas britell,3
chris brown,3
trashxrl,3
train,3
circle ii circle,3
topshakaz,3
clarice falco,3
new radicals,3
tono,3
nevertel,3
cloudcity,3
cheat codes,3
pierce the veil,3
colbie caillat,3
nerso,3
connectionist,3
connr,3
controlled test environment,3
corpse,3
cosmic boys,3
cr3wfx,3
crature sonore,3
triangular prism iii,3
charlie puth,3
polyphia,3
canto dos malditos na terra do nunca,3
bronski beat,3
unseen dimensions,3
bubble,3
unfound,3
uma mohan,3
caetano veloso,3
cafun,3
caiiro,3
two door cinema club,3
calum scott,3
carola,3
charlie beale,3
turner layton,3
catching flies,3
cazuza,3
nielsir,3
tropical bleyage,3
trophy eyes,3
trobar de morte,3
chakra waves,3
chance pea,3
chapter verse,3
tinoco,3
criolo,3
crunkz,3
dj ace,3
the police,3
dhyaan sangeet,3
dial,3
diedlonely,3
diego victor hugo,3
namast,3
digital spectrum,3
dilsinho,3
the obsessed,3
n1nt3nd0,3
dj ag o gringo,3
ti,3
the juliana theory,3
dj dudah,3
the home team,3
the earth song,3
municipal waste,3
the cardigans,3
the calmed state,3
the calling,3
dj transilvanya,3
dnvn,3
nando moreno,3
the prodigy,3
nao regueira,3
delts,3
thy art is murder,3
thousand foot krutch,3
damien rice,3
danheim,3
nature of sweden,3
the yoga mantra and chant music project,3
the yellowheads,3
dark smoke signal,3
darma waters,3
darren styles,3
darwish,3
native world group,3
the verve,3
david kushner,3
day din,3
deadboy,3
the stormwater,3
nat shilkret,3
decane,3
the smashing pumpkins,3
delta hz,3
brn,3
perturbator,3
brenno matheus,3
antinomy,3
altemar dutra e nelson goncalves,3
one function,3
american dream machine,3
xantesha,3
anderholm,3
wolfgang ohmer,3
andy grammer,3
willow,3
william ross,3
will smith,3
antonn dvok,3
werve,3
apocalyptica,3
ogryzek,3
why wynne,3
arcana,3
off limits,3
of virtue,3
artbat,3
artipico,3
arty,3
as i lay dying,3
yahel,3
papas da lngua,3
alive in stone,3
ookean,3
zuni,3
2pac,3
6ynthmane,3
a flock of seagulls,3
aaron may,3
abba,3
zeph,3
otto knows,3
zeeba,3
zedd,3
zeca veloso,3
admo,3
z ricardo thiago,3
ag sintonia project,3
akasha,3
yung buda,3
panini sanyal,3
oriente,3
young blood,3
orbinaural,3
alex gaudino,3
wet forest,3
odd mob,3
breaking benjamin,3
black label society,3
benjamin britten,3
benjy wertheimer,3
benny benassi,3
best coast,3
beyond quantum,3
binary squad,3
binaural healing frequencies,3
bingo players,3
bix beiderbecke,3
bl4ck hole,3
vendex,3
atfc,3
black v neck,3
blitz,3
nora en pure,3
blr,3
noobreak,3
vas,3
bodyworx,3
vandeta,3
boundless,3
braaheim,3
virtuanoise,3
nwyr,3
bee gees,3
beck,3
athzira,3
avatar project,3
aviana,3
avies do forr,3
ayybo,3
wankelmut,3
b5,3
obey the brave,3
babymetal,3
back 2 sleep,3
baddies only,3
bakermat,3
balekam,3
bali rain,3
barbatuques,3
voyage,3
bass empire,3
bassjackers,3
basswell,3
nytt land,3
bazzi,3
doktor froid,3
red axes,3
elton john,3
porca via,3
escombro,3
symbolic,3
elderbrook,3
mneskin,3
mr big,3
enrico sangiuliano,3
pop art,3
else,3
exhorder,3
echos of old times,3
eternxlkz,3
sugar kane,3
eelke kleijn,3
enchanted realms orchestra,3
east west beats,3
edward maya,3
dub dynasty,3
sultan shepard,3
emok,3
syntropic mind,3
portugal the man,3
dry kill logic,3
surrounding life,3
eden prince,3
portwave,3
sujera,3
edo jo,3
eve,3
dumana,3
pretty pink,3
pop evil,3
sueco,3
dynamic dimension,3
electric gene,3
dygo,3
dvbbs,3
sunset chamber,3
kill script,2
beachbag,2
beat by magic,2
battle beast,2
key glock,2
rufio,2
saint jhn,2
kfelipee,2
volac,2
saint,2
khiva,2
beach house,2
sahil jagtiani,2
beatwaves,2
paul whiteman his orchestra,2
surfaces,2
prinsh,2
baynk,2
kill eva,2
volcano,2
behind blue eyes,2
empty space,2
emmit fenn,2
flows of sleep,2
suriel hess,2
matheo lyon,2
vipn,2
la princesa cris,2
rakesh chaurasia,2
patrick watson,2
ben leinbach,2
autopilot off,2
sales,2
water effects center,2
kzlv,2
kendrick lamar,2
kyle watson,2
kyle dixon michael stein,2
kenji tanaka piano versions,2
vitor limma,2
waveframe,2
belo,2
behmer,2
mohimbra,2
rura gazdar,2
equatorial forest,2
mashbit,2
klanglos,2
ryan richko,2
bahn kramina,2
steven halpern,2
bad religion,2
baco exu do blues,2
suntam,2
rammstein,2
russ morgan and his orchestra,2
aviva,2
bachar markhalif,2
kim petras,2
kocci,2
oasis of sleep,2
mashmex,2
kronic,2
erd1,2
krishna das,2
paul sim riz,2
koreg,2
azax,2
epic sleep,2
klangkuenstler,2
s pra contrariar,2
paul van dyk,2
enne,2
vorteks,2
mission venus,2
avi snow,2
steve angello,2
baroque festival orchestra,2
ram dass,2
ene,2
ruhiger regen,2
kungs,2
english teether,2
sacred bansuri,2
vundabar,2
balthazar jackrock,2
massane,2
sam paganini,2
filth,2
kumea sound,2
kirtan lounge,2
suresh wadkar,2
kitchen on steriods,2
patsy cline,2
southstar,2
floya,2
katro,2
varios interpretes,2
bon iver,2
john ocallaghan,2
bolibab,2
fort minor,2
rain city drive,2
nombe,2
bobby darin,2
scxr soul,2
joji,2
scracho,2
jon hopkins,2
bobby bass,2
boards of canada,2
joshua kyan aalampour,2
forndom,2
max richter,2
swami satchidananda,2
joo mulato e douradinho,2
joo neto frederico,2
max chapman,2
nordic winds,2
jordan suckley,2
bliss looper,2
josement,2
northern path,2
vell rangel,2
vapourse,2
vangelis,2
bonnie x clyde,2
boo seeka,2
element eighty,2
mc delux,2
nitin sawhney,2
usher,2
sensient,2
nmos,2
switch disco,2
rafael krux,2
no doubt,2
brenda mcmorrow,2
no placebo,2
jnathyn,2
jnny cobra,2
self deception,2
eli fur,2
selectrodynamic,2
brainwavesync,2
joborja perc,2
noise shapers,2
joda marrow,2
mc braz,2
psy trance mafia,2
bowling for soup,2
boston bun,2
monkey safari,2
northern sines,2
minimatic,2
vinod kusari,2
karnyx no beat,2
nova issue,2
bigitam,2
sandor,2
victor leo,2
bicho de p,2
vidisha sira,2
bhramara,2
bgnzinho,2
pax,2
karamel kel,2
karla blum,2
flvio pizada quente,2
beyonc,2
vengaboys,2
nox vahn,2
karunesh,2
matisse sadko,2
besna,2
kaspiyskiy gruz,2
mathura horizon,2
berger,2
rubk,2
bennie motens kansas city orchestra,2
vinne,2
kate stone,2
matheus yurley,2
noturgf,2
binaural astro lab,2
kadu martins,2
binaural beats,2
not enough space,2
saweetie,2
fool,2
jovynn,2
version 34,2
mattilo,2
sasha green,2
eluveitie,2
bitmask,2
rainfall place,2
via sky,2
julio secchin,2
birdy,2
binaural shapers,2
binaural odyssey,2
junim dantes,2
binaural lazers,2
junior dread,2
junior kelly,2
juno,2
surya,2
binaural healing,2
binaural guidance,2
binaural explorer,2
binaural bob,2
randy travis,2
lama dorje,2
wax motif,2
os nonatos,2
alcione,2
ludovico einaudi,2
rhytmox,2
albi,2
marcus gad,2
alban chela,2
marcus cardello,2
rhianne,2
alan walker,2
rhapsody,2
examelodica,2
fatboy slim,2
akatsuki no team,2
zach bryan,2
stuff smith,2
lumara,2
lumen,2
yungblud,2
ak47,2
lunatica,2
lunax,2
ajeet,2
panda dub,2
air supply,2
exo,2
marcin przybyowicz,2
rich brian,2
aldn,2
stuck in the sound,2
yog sthaan,2
yann,2
alois,2
yatao,2
loud lullaby,2
allen envy,2
all time low,2
alison,2
alicia keys,2
maribou state,2
alice francis,2
alice deejay,2
lovely machine,2
alfons,2
rick oli,2
richy mitch the coal miners,2
lp giobbi,2
yellow claw,2
alexander glazunov,2
yerbby,2
alex warren,2
suicidalidol,2
everyone you know,2
lucid but dreaming,2
alex,2
alesti,2
luvin,2
retrosoft,2
labrinth,2
malne,2
aaron bortoluzzi,2
oxyflux,2
manzzy,2
falden,2
maizamr,2
majed,2
majide,2
a banda mais bonita da cidade,2
999999999,2
outline in color,2
8k sound library,2
subway shamans,2
manudigital,2
zach gill,2
sub6,2
2minds,2
2ke,2
mammothor,2
mamonas assassinas,2
24kgoldn,2
mandisa,2
zoneman,2
ezekiel,2
1nonly,2
recayd mob,2
1937,2
mahalo,2
eye of the enemy,2
oxymorrons,2
magneticmark,2
zach top,2
african music drums collection,2
palace on wheels,2
lyente,2
adore,2
exo state,2
rbita,2
lynnic,2
zard,2
exotic thunder rain,2
render,2
zeds dead,2
actfill,2
acstico d3,2
oswaldo montenegro,2
acid punks,2
zensi rohr,2
fangslinger,2
absolute valentine,2
otyken,2
madh,2
extra terra,2
mar aberto,2
abby roberts,2
zephyrical,2
alpha steppa,2
alpha vectoriam,2
alphaville,2
arsames,2
passenger,2
whake,2
what matters most,2
rootkit,2
rootikal riddim,2
rooler,2
pascal peaceful,2
fighter,2
wheatus,2
sundance darling,2
eskrta,2
lee hale,2
estas tonne,2
papatinho,2
arkaya,2
sun rider,2
offer nissim,2
white light project,2
martin bloch,2
ari,2
marti nikko,2
argon talp,2
marta gynku,2
rodox,2
who knows,2
roderik mor,2
lavaros,2
martin roth,2
sunnergy,2
moguai,2
ocno,2
labyrinth ear,2
martti anttila,2
augustus pablo,2
we are messengers,2
audien,2
electronic swing orchestra,2
attono,2
atmos,2
weapons of self destruction,2
weather and nature recordings,2
lann,2
roy brown,2
prana kishore,2
atb,2
asys,2
astron,2
lasgo,2
astral fluid,2
assembly of sines,2
latehours,2
asmrainy,2
roupa nova,2
ross quinn,2
rosentwig,2
whomadewho,2
leozinn no beat,2
rocksted,2
story of the year,2
felix jaehn,2
anden,2
woop snop,2
litro,2
wuki,2
ana holland,2
ana gabriela,2
ana frango eltrico,2
live,2
mark ronson,2
llxvd,2
wychazel,2
amrita chaturvedi,2
xam,2
pardinho e pardal,2
logic,2
lola young,2
story untold,2
xavier wulf,2
lonely lies,2
amelie lens,2
lonown,2
xlt,2
eve de voke,2
altamira,2
omega nebula,2
parkway drive,2
summer hailstorm,2
olvidara,2
etnica,2
apache dream,2
aortaa,2
stormour,2
libra,2
lie,2
marlo,2
okayval,2
lifehouse,2
ola gjeilo,2
anticlone,2
anti up,2
robert miles,2
antdot,2
anoushka shankar,2
eurythmics,2
particles and waves,2
eva poured,2
anime,2
rob lane,2
stormy zeus,2
willow drift,2
parra for cuva,2
wiser noise,2
liquid dance,2
upon a burning body,2
vance joy,2
broadside,2
hagalaz runedance,2
harp of the new age,2
the rolling stones,2
slewfoot,2
haru nemuri,2
defdot,2
sleepy stills,2
def leppard,2
pupajim,2
have a nice life,2
sleepville,2
haya sounds,2
def daddy dave,2
sleeposines,2
narmada shore,2
healing sines binaural,2
deedrah,2
the sky,2
merle haggard,2
mercyme,2
the sound of the rain,2
morsei,2
hempress sativa,2
the statler brothers,2
dean martin,2
gal greenberg,2
natalie imbruglia,2
gaia,2
delerium,2
delinquent habits,2
slick shoes,2
hang massive,2
mose,2
die ganze nacht,2
namaste flute,2
driveways,2
hakuuro,2
di propsito,2
dronal,2
dexter and the moonrocks,2
handpan club,2
mos def,2
devika arkes,2
dstnce,2
gan3sh,2
morten,2
hangimba boy,2
hank williams,2
hannah holgersson,2
dennis lloyd,2
dennis cruz,2
denise schneider,2
hanson,2
deluxe,2
hard rock sofa,2
punkinloveee,2
slightly stoopid,2
deltachromatique,2
the surrealers,2
dblock stefan,2
dazzo,2
hotel pools,2
thomas pineda,2
daft punk,2
homo novo,2
electric light orchestra,2
honey,2
cyan haze,2
fusion aka eazywin,2
tall tales,2
currents,2
natures orchestra,2
csar menotti fabiano,2
tim sanders,2
hotel ugly,2
future palace,2
crow city,2
crossfit entrenamiento fisico,2
critical choice,2
creedence clearwater revival,2
dzeko torres,2
cosmic flow,2
fun,2
tita lau,2
earth alliance,2
necrolx,2
corinne bailey rae,2
corbyn kites,2
thomas barrandon,2
thiso,2
mercuriall,2
mikko tarmia,2
morgan wallen,2
the used,2
the ventures,2
tapesaw,2
hibria,2
morgan kibby,2
the wailers,2
high hatters,2
datlash,2
gabriel elias,2
spektre,2
daron malakian and scars on broadway,2
darkbourne,2
sixpence none the richer,2
dupoint,2
the white stripes,2
the xx,2
durdenhauer,2
fyex,2
nattan,2
skeler,2
danni carlos,2
memo boy,2
danman,2
talvin singh,2
hoenix,2
tech it deep,2
spartaque,2
push,2
technical itch,2
mul,2
dj viele,2
dj twoz,2
dj trke,2
dr strangefunk,2
genesi,2
draven,2
the charleston chasers,2
goasia,2
sophie tucker,2
god forbid,2
goddess of nature,2
dj rick 013,2
dj petroski,2
the dallay llamas,2
dj panda,2
golden frequencies,2
goldfinger,2
golding,2
dj oliver mendes,2
the darkness,2
the delta architect,2
dj mel rose,2
dj mariachi,2
dj lzin,2
dj lucas lx o patro das mixagens,2
gordo,2
soul shine,2
the browning,2
the black keys,2
soundjourney,2
dr fresch,2
mr probz,2
dorta,2
gesaffelstein,2
mike candys,2
soundtopia,2
texture,2
tfalcon,2
dont hang me,2
donald duck,2
sounds of isha,2
sounds caused by lightning,2
gilbert frost,2
dmina,2
dombresky,2
dr mb,2
gioacchino rossini,2
soundgarden,2
dok martin,2
doechii,2
mrtree,2
girish,2
miff mole and his little molers,2
tenacious d,2
dnbn,2
glass animals,2
music for tv,2
the distillers,2
the drums,2
motrhead,2
gealdr,2
grupo portal gacho,2
sol reya,2
the laybacks,2
mystica,2
the lumineers,2
distrion,2
soapskin,2
distantic,2
the messenger birds,2
the midnight,2
the mind orchestra,2
the missourians,2
growling machines,2
dino franco e moura,2
snow patrol,2
gustavo mota,2
mgmt,2
the notorious big,2
dreamlike states,2
dimension 5,2
snatam kaur,2
mgk,2
the original coonsanders nighthawk orchestra,2
mexican stepper,2
habitaat,2
mystic hang,2
solace sonique,2
gelatinho,2
myndstream,2
the forgotten,2
dj jordan,2
the game,2
sonic ark,2
dj gustavo wippel sc,2
pocah,2
my head is empty,2
somma,2
dj fonseca 062,2
myl,2
dj eletrofunk,2
green gnome,2
dream runner,2
dj boss,2
grey iron,2
dj duarte,2
myrs,2
dj didi,2
solarstone,2
mystery rain thunder rec,2
puddle of head,2
solardo,2
groove machine,2
mystic,2
teledalase,2
dj bountyhunter,2
meh met,2
tally hall,2
carlito baduy,2
irving aaronson and his commanders,2
r e l,2
nick thurl mavromatis,2
mc toy,2
isham jones and his orchestra,2
chemical surf,2
syntropy,2
shipibo shamans,2
chase status,2
nicky romero,2
isuru,2
r missing,2
frederick delius,2
byron metcalf,2
ugly kid joe,2
cab calloway,2
ivan gough,2
mc pikachu,2
ivyson,2
triptykh,2
isabel larosa,2
burrice precoce,2
trivium,2
shocking lemon,2
tracy lawrence,2
nirinjan kaur,2
institute,2
christophe frdrique,2
ngc daddy,2
interdisciplinary criminal,2
sxid,2
treasure series,2
chillo sapiens,2
childish gambino,2
invisible reality,2
trevor daniel,2
jay hardway,2
edu ribeiro,2
irfan,2
quipage ambiant,2
qulinez,2
chezile,2
um44k,2
philip h anselmo the illegals,2
cabra guaran,2
cia era uma vez,2
cat dealers,2
millionen tropfen,2
two flamingos on the red carpet,2
power source,2
synthetic system,2
james asher,2
tweekacore,2
two birds,2
shaneihu yuanawa,2
shaman drums,2
carla thomas,2
jadu heart,2
carl orff,2
shamans dream,2
camille saintsans,2
carl burch,2
jah version,2
niki,2
eima,2
canrio e passarinho,2
eii4nny,2
synthmaxx,2
r plus,2
jack rush,2
izzamuzzic,2
chance thomas,2
staind,2
chakrini,2
million stylez,2
shadxwbxrn,2
freddie dredd,2
progress,2
tropa do bruxo,2
r sandy,2
cezk,2
freakout br,2
ninetoes,2
tru47,2
positive frequencies,2
tycho,2
shaggy,2
ty dolla ign,2
shalon israel,2
chronixx,2
bunny wailer,2
total balance,2
mega drive,2
bruno marrone,2
piero pirupa,2
neptunica,2
universal frequency,2
unidade punho forte,2
coletivo da aldeia nova esperana,2
meditative mind,2
sigma,2
spirit guide,2
queen,2
taio cruz,2
nerv,2
jeff olaf,2
tom santa,2
tomaso giovanni albinoni,2
sienna meadows,2
nestor e nestorzinho,2
ed bruce,2
imanbek,2
jend,2
pimp chic,2
piece wise,2
tokio hotel,2
bronson,2
tmx,2
hzpetrus,2
brontology,2
tobiahs,2
i cursed,2
conway twitty,2
i see stars,2
qsensx,2
serenity music zone,2
nelly furtado,2
silva,2
jeri southern,2
brooksie,2
spirit dreamers of the ancient realm,2
moonlight mouse,2
quarashi,2
brozains,2
rafa e junior,2
bts,2
meditation melodies,2
jayron,2
industry insiders,2
mind medicine,2
claude debussy,2
indica dubs,2
francis shaw,2
friz of soul,2
buddhas lounge,2
toquinho,2
jazzy,2
tormenta jamaicana,2
infinity realm,2
citizen,2
circular ceremony,2
freyr,2
inlakesh,2
monument of misanthropy,2
jakon vedal,2
closed tear,2
sick legend,2
imperial atlas,2
froid,2
sick puppies,2
new lab,2
moon,2
jean sibelius,2
radixtheruler,1
psycho cat,1
pochill,1
pelotero,1
persona,1
p kock,1
prof thiagarajan,1
radikal guru,1
phanatic,1
rea de baja presin,1
ragetrain,1
polar inc,1
raekwon,1
powerthoughts meditation club,1
pepper,1
rebus,1
pedro mizutani,1
power trip,1
ps1,1
pricles,1
rahnsdorf,1
owl vision,1
psycho,1
pogo,1
paayne,1
psilocybian,1
proem,1
rah moon,1
realmshifter,1
poldoore,1
rebels opera,1
oxidaksi,1
percussion as medicine,1
pet shop boys,1
owntrip,1
rain hive,1
psyther,1
polsas,1
raffa fl,1
peyton parrish,1
radial,1
primal scream,1
rbd,1
perducci,1
pabllo vittar,1
phanari,1
pendulum,1
powernerd,1
pablo de sarasate,1
rafael anton irisarri,1
peter tosh,1
paul engemann,1
ptasinski,1
portishead,1
prins,1
queen omega,1
passport,1
pick,1
ram,1
plague years,1
querox and monod,1
quincy weigert,1
pasaje universo,1
plasma nomad,1
ranjan e,1
prolude,1
paulinho moska,1
pranayama squad,1
playaphonk,1
pleasurekraft,1
plebe rude,1
photosynthesis,1
punktmidi,1
prada2000,1
paul whiteman,1
ramin djawadi,1
rayyea,1
randy houser,1
rand obaso,1
paul avgerinos,1
pylot,1
purple holiday,1
praful,1
project divinity,1
patrickreza,1
purple hayes,1
priyank,1
rancid,1
puremind,1
pineapple stormtv,1
pilates groove engineer,1
rani williams,1
pixeo,1
pierre stocker,1
pathetic,1
quattroteque,1
ramirez,1
priyesh dhoolab,1
prince fatty,1
paulo novaes,1
paulskye,1
pharah,1
ravindra sathe,1
rainstantly,1
rawd,1
phil napoleon and his orchestra,1
r3yan,1
prodkaizen,1
phil collins,1
pontifexx,1
pedra branca,1
rayburger,1
partyraiser,1
rain zpe,1
pedro angi,1
paolo ferrara,1
pridian,1
pedro beydoun,1
pao pamaki,1
phantom compound,1
rayo z,1
rayray,1
pribe,1
rainy windows,1
primitive radio gods,1
philip george,1
rajshree agarwal,1
pavilho 9,1
photon,1
phonx,1
ras teo,1
ras tinny,1
pardis,1
project 8,1
pulp,1
phonk killer,1
rajna,1
phix,1
rashid,1
rastap,1
pe lu,1
paul hadi,1
powfu,1
rajalakshmee sanjay,1
rav,1
pooz,1
0to8,1
red,1
tj rehmi,1
to obey a tyrant,1
tobtok,1
toby fox,1
toby keith,1
tokimonsta,1
tokyo rose,1
tokyosleep,1
tom budin,1
tom coakley and his orchestra,1
tom cochrane,1
tom enzy,1
tom redwood,1
tommahawk,1
tommy trash,1
tommy vext,1
toms mucenieks,1
tonebox,1
tlio dek,1
tito gobbi,1
tonic,1
tiririca,1
the walters,1
thekon,1
themba,1
theta aum,1
thich nhat hanh,1
third world,1
thirst,1
thomas newson,1
thousand below,1
throwdown,1
thxsorry,1
tiger army,1
tihuana,1
tinie tempah,1
tiny bradshaw,1
tio carreiro,1
tio carreiro paraso,1
tones and i,1
tony junior,1
tanzorchestra the new yorkers,1
tserato,1
tsuchida kasumi,1
tudor,1
turno,1
tv rock,1
twelve sessions,1
twenty six,1
twin diplomacy,1
twin peaks,1
twin tribes,1
twin turbo,1
twinkle brothers,1
twista,1
tx2,1
tyga,1
tyla,1
ub40,1
ulfhednar aimusic,1
tsivaprasad,1
troy berkley,1
tony moss,1
tropopauss,1
total eclipse,1
touchtalk,1
trahcvndy,1
transient disorder,1
trap devil,1
trash boat,1
travie mccoy,1
tremetra,1
trevor hall,1
trias,1
tribal drums ambient,1
tribal tranquility,1
tripical,1
trippin jaguar,1
tripswitch,1
trismad,1
tropkillaz,1
the wallflowers,1
the underdog project,1
the turtles,1
thales lessa,1
the abyssinians,1
the academy is,1
the aggrovators,1
the allamerican rejects,1
the amnesias,1
the attic pianist,1
the black seeds,1
the bombpops,1
the brudi brothers,1
the buzzhorn,1
the chordettes,1
the church will sing,1
the cimmerian,1
the cinematic orchestra,1
the dangerous summer,1
the delvikings,1
the disciples,1
thandi,1
tez cadey,1
the toxic avenger,1
tex beneke,1
tarcsio do acordeon,1
tate mcrae,1
taya,1
tayrone,1
tchami,1
teamfourstar,1
tebra,1
technology,1
technotronic,1
ted weems,1
tedashii,1
tekkmode,1
tekkno,1
temporale x,1
tempus fugit percussion ensemble,1
tenth avenue north,1
teo mandrelli,1
the dwarf cast,1
the four tops,1
the fresh onlys,1
the get up kids,1
the nature soundscapes,1
the overlords,1
the piccadilly players,1
the pretty wild,1
the proclaimers,1
the ramsey lewis trio,1
the rare occasions,1
the score,1
the script,1
the shins,1
the silverblack,1
the singing shaman,1
the sound of thunder,1
the squiggles,1
the story so far,1
the swellers,1
the swinghoppers,1
the montini experience,1
the mist,1
the miracles,1
the ian carey project,1
the golden gate orchestra,1
the haunt,1
the heptones,1
the highway 6 band,1
the hives,1
the human experience,1
the human league,1
the immortals,1
the mills brothers,1
the infinity project,1
the itals,1
the jack payne orchestra,1
the kooks,1
the love language,1
the masqs,1
the mighty mighty bosstones,1
um barril de rap,1
umek,1
under the flood,1
winston church,1
winterburn,1
wisp,1
witchislav,1
witt lowry,1
woodlock,1
worst,1
xande de pilares,1
xanemusic,1
xgenic,1
xgenie,1
xijaro pitch,1
xipe totecs,1
xtract,1
xuqutopi,1
y2k,1
yabby you,1
yakamora,1
winston fergus,1
windows 96,1
werner andreas albert,1
william boyce,1
westend,1
wet leg,1
wetphal,1
wheatic,1
whilefalse,1
whipped cream,1
whiptongue,1
whispering jack smith,1
whispering zephyr,1
whitey shafer,1
whyask,1
wicked and bonny,1
wicked stone,1
wicker whales,1
wilhelm kempff,1
wilker brasileiro,1
will rees,1
yavomag,1
yaya bey,1
ydg,1
yeah yeah yeahs,1
zara larsson,1
zeca baleiro,1
zen garden of nature,1
zen that beat,1
zenit,1
zensimila,1
zentura,1
zepelim e o sopro do co,1
zerius,1
zez di camargo luciano,1
zhu,1
zimm,1
zimmer,1
ziont,1
ziraliyo,1
ziwa,1
zurglin,1
zane alexander,1
zachariah grace,1
z ramalho,1
yours truly,1
yeshi namdak,1
yntendo,1
yolta,1
yooplaya,1
york,1
yoro kobuto,1
youngx777,1
youth 83,1
z elias,1
youthie,1
yoyo ma,1
yuck,1
yum x htutkai,1
yung lurk,1
yuri hawaiano,1
yuri petrovski,1
west,1
weeding dub,1
unhappy campers,1
varanasi sky,1
vasaria project,1
vastive,1
vasts,1
vcl,1
vctor sakshin,1
vedhamn sounds,1
veena sahasrabuddhe,1
vegeta,1
velours,1
venbee,1
vera eikon,1
verrat,1
vertical horizon,1
via jah,1
vibe tribe,1
vibhuti vaity,1
vicetone,1
varanasi sunrise,1
vanguart,1
we are magonia,1
vanessa sukowski,1
universe of smith,1
unlike pluto,1
urecken,1
urge overkill,1
uroy,1
ursae minoris,1
utkarsh sharma,1
utope,1
uttam singh,1
uutai,1
vague003,1
vagus,1
valkyrion,1
vall du son,1
valorant,1
vandelux,1
vanessa rangel,1
victor lou,1
videohelper,1
vido,1
vidura barrios,1
vulvodynia,1
vvpskvd,1
waagal,1
wale,1
walk the moon,1
walter kehl,1
wam baster,1
wannabebroken,1
warlockz,1
warner case,1
warren smith,1
warrior shaman,1
watzgood,1
wavetearz,1
wax tailor,1
waylon jennings,1
wayofdk,1
vov james,1
voluptuus,1
volt vision,1
violent femmes,1
vienna mozart orchestra,1
vierre cloud,1
vieze asbak,1
viliam lane,1
vinai,1
vindi meta,1
vinicius cavalcante,1
violent vickie,1
volcano on mars,1
violin sky,1
virking,1
virtual riot,1
vishal khera,1
vitor vinter,1
vnar,1
vogon 42,1
tapete tapete,1
tanuj tiku,1
red nichols,1
santti,1
sapajou,1
sartor,1
sasha alex sloan,1
sashamon,1
saturna,1
sauce walka,1
savanna,1
say3am,1
scalpture,1
scars of life,1
scatman crothers,1
scene queen,1
scooter,1
score of the poar,1
scott joplin,1
scumback,1
seafret,1
santzu,1
sanguinus,1
sean johnson the wild lotus band,1
sangam,1
sad madona,1
said energizer,1
sainkho namtchylak,1
saint perrier,1
sakoya,1
salvyan,1
sam barber,1
sam green,1
sam jones,1
sam lanin and the ipana troubadours,1
sam wolfe,1
samba de dom,1
sammy rash,1
samuel e mateus,1
samuel roos,1
sandman,1
sandy e junior,1
sean jimbo,1
seapony,1
tanpura express,1
shallou,1
shamanic drum meditation,1
shamanic journey drumming,1
shammy,1
shandr,1
shapeless,1
sharon jones and the dapkings,1
shayman,1
sheet music boss,1
shermanology,1
shifu,1
shimshai,1
shinedown,1
shinigami tenshi,1
ship wrek,1
shipibo,1
shivatree,1
shivax,1
shaman girl,1
shakta,1
secede,1
shaed,1
secession studios,1
secret,1
section303,1
seek,1
segala,1
sena dagadu,1
senses fail,1
sensimilla dub,1
sergei prokofiev,1
serj tankian,1
set mo,1
set the sun,1
seven hours after violet,1
shaanti dhvani,1
shaden,1
shadow keeper,1
shadowstorm,1
sacred spirit,1
sacred grove,1
sacred dreams,1
rhn,1
rhythmora,1
rhythmstar,1
rhyzer,1
richard durand,1
richard himbers orchestra,1
richard strauss,1
richie spice,1
richter gravitas,1
rick renner,1
ricky nelson,1
ricky sideren,1
riff kitten,1
riggi piros,1
right to the void,1
rik,1
rikhter,1
riko lavron one,1
rhygar,1
rhapsody of fire,1
sabaton,1
rh colombiano,1
redhook,1
redveil,1
refeci,1
reggando a terra,1
rei da gaia chifre mato,1
reinier zonneveld,1
relax pod,1
relaxatron,1
relaxing zen music therapy,1
reload,1
rema,1
replace,1
reshma jain,1
resist the temptation,1
return fall,1
return of the jaded,1
revoxx,1
rinzo,1
rise of kronos,1
riseran,1
rishab rikhiram sharma,1
rootsman rebel,1
royel otis,1
rozhes,1
rsd,1
rsigma,1
rudimental,1
rudosa,1
rumbo tumba,1
running touch,1
rupak mukherjee,1
rushex,1
russ,1
rusted root,1
ruth etting,1
rve b,1
ryu dante,1
rzrkt,1
roots manuva,1
ronnie milsap,1
roniit,1
robpm,1
rishi harshil,1
rishiking,1
rkcb,1
rl grime,1
roa nova,1
robbie robertson the red road ensemble,1
robin thicke,1
roch voisine,1
roman nasenmensch,1
rocky,1
rodrigo gallardo,1
rogerio tutti,1
rogue vhs,1
rolando carrasco segovia,1
roman gehrecke,1
roman messer,1
shlmo,1
shogun,1
shometyle,1
starfucker,1
state of sense,1
static movement,1
steineiche,1
stellar,1
stellar serenity,1
stepart,1
stephan moccio,1
stephanskiy,1
stereoclip,1
steve roach,1
stevie nicks,1
stewart copeland,1
still young,1
stilz,1
stoic suffering,1
stone steps,1
stormwarrior,1
starstrum,1
stardust,1
spacehog,1
starcourt,1
spacewavecr,1
spatia sonica,1
sped up 8282,1
sped up nightcore,1
spencer brown,1
spijk,1
spike hellis,1
spin doctors,1
spinal fusion,1
spiritual concepts,1
spiritual power control,1
spiritual yoga,1
sports,1
srdjan beronja,1
stainvarp,1
stan christ,1
star lions,1
stormy station,1
strepito,1
stromae,1
stuttgart piano trio,1
sweepz,1
swing republic,1
swing simpatia,1
symbolico,1
syml,1
symphonica apocalyptica,1
synthrazer,1
system f,1
systema solaris,1
syzz,1
sza,1
t matthias,1
tabla trance,1
tahm,1
takano marise,1
takayoshi,1
tal bachman,1
swae lee,1
svet stoyanov,1
survivalist,1
sullivan king,1
sub morphine,1
subho beatz,1
sufjan stevens,1
sugarcult,1
suicidal tendencies,1
suisside,1
sulino marrueiro,1
sun and moon dance,1
surra,1
sun project,1
sunniai,1
sunny dolma,1
suparna,1
supergrass,1
surf monsta,1
suricato,1
spacenoize,1
space noise,1
shri,1
siloka,1
silverstein,1
silverwood quartet,1
simon nyabinghi,1
simon ochmann,1
simon shavi,1
simone mendes,1
sina vodjani,1
sincere engineer,1
sine calmon morro fumegante,1
sinegoma,1
siouxxie sixxsta,1
sisters cap,1
sivi remix,1
sk8,1
skarilla,1
skid row,1
skinlab,1
silveira barrinha,1
silki agrawal,1
space cat,1
silence,1
shubha mudgal,1
siamese,1
sian,1
sian evans,1
sickeau,1
sickluv,1
sickret,1
sid jenkins,1
siente el clima,1
sierra,1
sigala,1
sight of wonders,1
signal void,1
sigur rs,1
siit,1
sikdope,1
silas luminance,1
skip marley,1
skizologic,1
skunk kut,1
skye saraswati,1
solarixo,1
solyd,1
some me,1
sonar rain,1
sonic youth,1
sonik g,1
sonny wern,1
sorroweater,1
soul pursuit,1
soulchef,1
soulgarden,1
soulpan,1
sound effects zone,1
soundwalk collective,1
source dimension,1
southside beatsters,1
soweto,1
solano jacob,1
so lis,1
so juice,1
sleepy mood,1
skyscration,1
sleep advisor,1
sleep music,1
sleep repeat,1
sleep study focus,1
sleeping ember,1
sleepwear,1
slime coca,1
snz,1
slimmah sound,1
slowbomb,1
slowed and reverbed dreams,1
slushii,1
smash stereo,1
smr lve,1
snooze narrator,1
ovtlier,1
late 9,1
ovg,1
detonautas,1
devadas,1
devin kennedy,1
devour the day,1
dhruv,1
diary of dreams,1
diepak ramjiawan,1
digital hippie,1
dimatik,1
dime store riot,1
dimitri vegas,1
dimman,1
dimmi,1
dina awwad,1
dinah shore,1
diomedes chinaski,1
dion,1
dionnysuss,1
dionysus,1
dire straits,1
dirty hippy,1
dirty palm,1
dirtyphonics,1
discip,1
deuter,1
desireless,1
dist,1
desert sand feels warm at night,1
dead air,1
dead by april,1
deadlife,1
deadmau5,1
dealer,1
death angel,1
deborah de luca,1
deborah van dyke,1
decayer,1
decessus,1
decisive koala,1
declan mckenna,1
dedline,1
deep blue something,1
deep purple,1
deepend,1
deeper purpose,1
deeperlove,1
dekkai,1
demeter,1
departamento,1
descendents,1
desert rose band,1
dishwalla,1
divijata ash,1
overcrest,1
dj jl o nico,1
dj jz,1
dj kelven sc,1
dj klp ofc,1
dj la beat,1
dj lo da 17,1
dj logi,1
dj lu4n,1
dj lucas beat,1
dj menor da zn,1
dj npcsize,1
dj obl,1
dj pedro neves,1
dj performance,1
dj pisse,1
dj playastation,1
dj ramon sp,1
dj ritmo55,1
dj sakin,1
dj samir,1
dj santos mec,1
dj shog,1
dj skype,1
dj terremoto,1
dj john saucer,1
dj japo,1
divine india,1
dj japa nk,1
division street,1
dj ari sl,1
dj blakes,1
dj cali,1
dj carai,1
dj clei,1
dj cristiano alves,1
dj dextro,1
dj diogo aguilar,1
dj drez,1
dj dz,1
dj fabio lopes,1
dj fahri yilmaz,1
dj free,1
dj g4 original,1
dj gabi,1
dj gabriel do borel,1
dj gbr,1
dj ghidini,1
dj glk,1
dj greyttblack,1
dj gudog,1
dj henrique de ferraz,1
ddevils,1
dayonas dream,1
daww,1
coke beats,1
collective soul,1
colonel lloydie,1
colter wall,1
conan gray,1
conecrewdiretoria,1
confesser,1
confirmbackup,1
conjure one,1
conquer divide,1
conrad taylor,1
coone,1
coonsanders original nighthawk orchestra,1
cophantae tryr,1
copy paste,1
core5k,1
corey kent,1
cornershop,1
corpo e alma,1
cory asbury,1
coseae,1
costa gold,1
craig connelly,1
crash test dummies,1
coleman hawkins,1
coffee shop kid,1
dawid podsiado,1
cocoa tea,1
chunder bakshi,1
chunk,1
cid,1
cinnamon chasers,1
cio dor,1
circulad de ful,1
citizen king,1
cjnobeat,1
clams casino,1
claptone,1
clara schumann,1
claude hopkins orchestra,1
claudya,1
clava,1
clawfinger,1
clearsound,1
cleffy,1
cliff edwards,1
clinton shorter,1
cloud7,1
cloudville,1
clr letiv,1
cochren co,1
crazy town,1
cri,1
crim3s,1
critical acclaim,1
daniel k universe,1
daniel levak,1
danne,1
danny darko,1
danny elfman,1
danny gokey,1
danny red,1
daphni,1
daprinski,1
dark elf,1
dark focus,1
dark heart,1
darkwole,1
darmi,1
daron malakian,1
daughters of mara,1
dave matthews band,1
dave tokes,1
david charrier,1
david kuckhermann,1
david lhlein,1
david penn,1
davinci code,1
daniel,1
dance gavin dance,1
dance fruits music,1
cumulus,1
cromags,1
cronick,1
crowbar,1
crown magnetar,1
cruz live,1
crypthios,1
csar crowley,1
cueio limo,1
cultural warriors,1
culture,1
cut capers,1
damnage,1
cw7,1
cypress west,1
cyril noir,1
cz,1
d51,1
da hool,1
daba makourejah,1
dababy,1
daedric,1
daemonia nymphe,1
dj thiago extreme,1
dj vinicinn da vp,1
dj wady,1
evan fraser,1
ever,1
everclear,1
everlasting theta,1
every waking moment,1
evok,1
evokings,1
excision,1
exotiic,1
extreme,1
eyes like midnight,1
eynka,1
eztebe matia,1
fabrcio cesar,1
faithxtractor,1
fake blood,1
fantirolix,1
farizki,1
fast boy,1
fastball,1
faul wad,1
faun,1
fdream,1
fedeflaviano,1
eve 6,1
evalleks,1
emil rottmayer,1
eva taylor,1
emily browning,1
emmy verhey,1
emre gnay,1
endspiel,1
engelbert humperdinck,1
enlightened spirits,1
enma,1
eon weaver,1
equilibrium,1
erbes,1
eric church,1
eric clapton,1
eric sammut,1
erik jack williams,1
erik nieder,1
erlah,1
esbe,1
eskimo,1
esther walker,1
estonian machine,1
eternalistic,1
ethel waters,1
etn,1
feed her to the sharks,1
felguk,1
felipe amorim,1
felipe e falco,1
flooting grooves,1
flotsam jetsam,1
flume,1
fog lake,1
for all the emptiness,1
forbidden order,1
forepast fm,1
forhill,1
fortella,1
fortunate youth,1
foundsound,1
foyon,1
frackthopus,1
francis lai,1
francisco el hombre,1
francoisjoseph gossec,1
frankie valli,1
franz ferdinand,1
freddie mercury,1
freddy martin his orchestra,1
freenomo,1
fresh from the moon,1
fritz kreisler,1
floetry,1
flo,1
fleurs de son,1
filipe toca,1
felix krcher,1
fenekot,1
fernando mendes,1
fernando sorocaba,1
ferreck dawn,1
fever 333,1
feyleryn,1
fhase 87,1
filip holm,1
filipe anderson,1
filter,1
fleur amiette,1
filterheads,1
finghin collins,1
firebeatz,1
fit for an autopsy,1
fitz and the tantrums,1
fjaak,1
fjordyn,1
fka twigs,1
flanagan allen,1
fletcher henderson and his orchestra,1
emilana torrini,1
emian,1
dj wesley gonzaga,1
dream of bhuna,1
dream widow,1
dreamdeeper,1
dreamreaper,1
dreams and light,1
dreamstatic,1
dreamweaver,1
dreamy thoughts,1
drenched trees,1
drex carter,1
dreyra,1
drinks on me,1
drop to drop,1
dropdead chaos,1
drsheppat,1
drug store romeos,1
dstbl,1
dtalez,1
dth,1
dub judah,1
dub silence,1
dubbytek,1
dubcreator,1
dubdadda,1
dream state,1
dream drift tunes,1
emi,1
dr peacock,1
dj willee,1
dj wizard,1
django reinhardt,1
djreinamusic,1
djuma soundsystem,1
do you remember love,1
doctor de la noche,1
doctorspook,1
doja cat,1
dolf,1
dominguinhos,1
dominik johnson,1
don dali,1
don fe,1
doppler,1
dorgival dantas,1
dorianbvs,1
dormantia,1
douth,1
douze,1
down to earth approach,1
downswing,1
dpr live,1
dubzoic,1
ducasco,1
duffy,1
dup,1
edy lemond,1
eels,1
eibell,1
einar selvik,1
eka vayu,1
ekoa,1
el bho,1
el columpio asesino,1
elastica,1
elba ramalho,1
elberg,1
eldrelder,1
electric dragon,1
elevation worship,1
ella fitzgerald,1
ella mae morse,1
ellen allien,1
ellen arthur,1
ellktro,1
elmefti,1
elvenking,1
elvio martn,1
embrional,1
edwin j mcenellys orchestra,1
edward elgar,1
eduardinho dos teclados,1
eats everything,1
duskus,1
dutch hour,1
dxnt l13,1
dyal dalavi,1
dybbukk covers,1
dye,1
e koestyara and group gapura,1
eads,1
eagleeye cherry,1
eartheogen,1
eben,1
edge of the spiral,1
echoes of dawn,1
ecos del reposo,1
ed lang his orchestra,1
ed stanley,1
eddie bitar,1
eddie murphy,1
eddie rabbitt,1
eddie vedder,1
eddy grant,1
eddy m,1
chrs,1
chromatics,1
christopher lennertz,1
animalien,1
anna jaky,1
anna ullrich,1
annette hanshaw,1
antent,1
anti,1
antix,1
antoniel remix oficial,1
antoshka,1
aphex twin,1
aphtic,1
apurva sethi,1
aqualand,1
ar rahman,1
arcade assembly,1
arctic whispers,1
ardo,1
aretha franklin,1
arietis,1
arimasen,1
arizona zervas,1
ark patrol,1
armona astral,1
arnr,1
anna,1
animal liberation orchestra,1
amphose,1
anima mea,1
amy holland,1
amy winehouse,1
analaga,1
anastasia elliot,1
anberlin,1
ancestral voices,1
ancient rain,1
andata,1
ande somby,1
anderson paak,1
andrea crocicchia,1
andrea krux,1
andrea vanzo,1
andreas vollenweider,1
andrew bayer,1
android automatic,1
android orchestra,1
andy morris,1
andybear,1
angels airwaves,1
angemi,1
angerfist,1
angus julia stone,1
arrows in action,1
art landry,1
arto tunboyacyan,1
arva,1
autopilot,1
ava serenade,1
avae,1
avancada,1
avenis,1
avery alexander,1
avieone,1
avoure,1
awake or asleep,1
axial tilt,1
ayla schafer,1
azurex,1
azzecca,1
b yond,1
baba hall,1
babatunde jegede,1
babbage,1
babsy,1
bacana no beat,1
bad meets evil,1
baho dede,1
bahramji,1
bailey zimmerman,1
author s,1
austrian death machine,1
austin farwell,1
askii,1
arxmane,1
asa kora,1
asaf avidan,1
asal,1
asgard,1
ash,1
ashana,1
asher swissa,1
ashit desai,1
ashreveal,1
asleep at the wheel,1
aurora novara,1
astrality,1
at vance,1
athanasia,1
atmaen,1
atmaom,1
atrax,1
audiosonic,1
audrey nuna,1
augmented meditation,1
auritni,1
amplify,1
amithaba buddha,1
bakkerphonk,1
acid pauli,1
ackboo,1
acoustic levitation,1
action cop,1
acvaliox,1
adam storme,1
adam ten,1
adarsh kumar,1
adela rynsburger,1
adelaide hall,1
adio,1
adrian daniel,1
adriana calcanhotto,1
adrin berenguer,1
adz,1
aerin villegas,1
aeromancias,1
african tribal drums,1
afrojack,1
after the burial,1
afterclapp,1
ageena,1
agoria,1
ahmed helmy,1
acina,1
abymusic,1
amilcare ponchielli,1
absolutely chill music,1
10 hour deep relaxation,1
19clouds,1
2 brothers on the 4th floor,1
24h rain sounds,1
3,1
3force,1
3lmt,1
49th main,1
4rran,1
88 fingers louie,1
8kays,1
8th sin,1
a banca 021,1
a kanyakumari,1
a perfect murder,1
a tergo lupi,1
aap rocky,1
aaralyn shiri,1
abbie falls,1
abbot,1
abe hathot,1
abe lymans california orchestra,1
abhinay jain,1
ahneemah,1
aire atlantica,1
airwalk3r,1
akal dub,1
all fires,1
alma meris,1
almah,1
alo brasil,1
aloy suroa,1
alpha omega,1
alstad,1
alt1,1
alter nature,1
althea and donna,1
alvedon,1
aly fila,1
aman nandi,1
amazing rain,1
amazingblaze,1
amazon ensemble,1
amber pacific,1
ambience mastery,1
ambient chronicity,1
ambient tech,1
ambient wind,1
america,1
ameya dabli,1
aligns,1
ali maya,1
algorythmik,1
albert brite,1
akeboshi,1
akiva ljungstrm,1
akki,1
akkiles82,1
akronus,1
aktyum,1
al bowlly,1
al friedman his orchestra,1
alan fitzpatrick,1
alan wake,1
alec benjamin,1
alexia chellun,1
alecid,1
aleroi,1
alessandra,1
alessandro pierozzi,1
alessia cara,1
alex carroll,1
alex embler,1
alex keeper,1
alexander 23,1
alexandra irwin,1
baiuca,1
baltimore bellhops,1
christoph schulz,1
buffalofarm,1
bula,1
bulent cakmak,1
burial,1
burning spear,1
busta rhymes,1
butch,1
buzz kull,1
c0rvo,1
cab calloway his orchestra,1
caesars,1
cairo,1
cake,1
caleb bryant,1
cali,1
california ramblers,1
california sunshine,1
call me sleeper,1
calm whale,1
calypso rose,1
camea,1
cannibal corpse,1
cannons,1
capital inicial,1
bugus,1
buddy greco,1
brava,1
buddy,1
brenda helen,1
brennan savage,1
brent dockery,1
brent lewis,1
brent morgan,1
brian eno,1
bright lens,1
brightburn,1
brisa matinal,1
britney spears,1
brohm,1
brook benton,1
brooks dunn,1
brothers osborne,1
brown eyed girl,1
brujos bowl,1
bruno be,1
bruno martini,1
brunuhville,1
bryan andrew medina,1
bryce vine,1
budderside,1
buddha code,1
captown,1
caravan palace,1
carcass,1
cardi b,1
chants of eternity,1
charles gounod,1
charlie p,1
chayce beckham,1
cheeks,1
chemical disco,1
cher,1
chester young,1
chevelle,1
chick bullock his levee loungers,1
chico buarque,1
chico chico,1
chill yoga music,1
chimaira,1
chin cheng lin,1
chlo goodchild,1
chris evol,1
chris janson,1
chris mrgan,1
chris stapleton,1
chris veron,1
christafari,1
christian cambas,1
chaney,1
chandra lacombe,1
chandler leighton,1
cedric gervais,1
carl cox,1
carl dawkins,1
carlos marquez,1
carlos rafael rivera,1
caroline harrison,1
carpenter brut,1
cascadura,1
cass,1
cassyette,1
cata,1
celer,1
chandar pryce,1
celestelle,1
celestial aura,1
celestros,1
cellar darling,1
celldweller,1
central sonic,1
century,1
ch,1
ch4yn,1
chakra tides,1
breakdown of sanity,1
brandon,1
baltimores,1
ben nicky,1
ben selvin his orchestra,1
ben techy,1
beneath my shade,1
benedix,1
benita calrado,1
benjamin mounfield,1
benjin blund,1
benjy wertheimer and steve gorn,1
bennett,1
benny bernstein,1
benzoo,1
bertalan hock,1
bessie smith,1
between friends,1
beyond the veil,1
beyond unbroken,1
bhakti,1
biboulakis,1
bibula,1
bicep,1
big wild,1
big youth,1
big z,1
ben pollack,1
ben hamilton,1
brando,1
ben dust,1
bamboo forest,1
bansuri tribe,1
baptiste sejourne,1
bapu padmanabha,1
barenaked ladies,1
barrio lindo,1
bass boosted,1
basstrooperz,1
bastien deshayes,1
battle tapes,1
batusyex,1
baus,1
bb king,1
beartooth,1
beatbox guitar,1
bebe rexha,1
bedroom,1
bedtime muse,1
belocca,1
below 7,1
belphegor,1
ben aum,1
ben bernie,1
bijou,1
bill brown,1
billie holiday,1
billx,1
bloodbound,1
bloodlust,1
bloodpanic,1
blues traveler,1
blvnk,1
bob andy,1
bob walter,1
bodhi dhyan,1
bon jovi,1
bones 33,1
bonjr,1
bonka,1
bonnie tyler,1
booka shade,1
borderline,1
boris way,1
bos,1
boston 168,1
bounty hunter from outer space,1
boygirl,1
bragolin,1
braincell,1
brand of sacrifice,1
blondish,1
blindwolf,1
blindside,1
bjrk,1
billy jones,1
billy strings,1
binder,1
birt firman his carlton hotel dance orchestra,1
bisken,1
biskuwi,1
bite the pain,1
bjorgamus,1
bjornberg,1
bjorth,1
black alien,1
blind melon,1
black coast,1
black oak county,1
black swan,1
blackbook,1
blackgold,1
blaine hunter,1
blake tyber,1
blank cartridge,1
blasterjaxx,1
bleaubeard,1
frogg,1
from fall to spring,1
from space,1
mark knight,1
mark morgan,1
mark tuan,1
mark with a k,1
markay,1
marlia mendona,1
martin stadtfeld,1
martinho da vila,1
marty robbins,1
maru nara,1
masala roo,1
masha ray,1
masked wolf,1
mason jennings,1
mass anthem,1
mass digital,1
massive attack,1
master boot record,1
matchbook romance,1
mathame,1
matisyahu,1
matt bukovski,1
matt hawk,1
matt redman,1
mark michael,1
mark dekoda,1
manger cadavre,1
marisa monte,1
manish sharma,1
manish vyas,1
manitu,1
manleydown,1
manlikefdot,1
mansur brown,1
manu chao,1
manuel de falla,1
manuel wall,1
manusa,1
marc van linden,1
marcantoine charpentier,1
marcelo jeneci,1
marco schultz,1
marcos fernando,1
marcus maison,1
marcy playground,1
mare,1
marhu,1
maria rita,1
marie gabriella,1
marin hoxha,1
marina sena,1
matt simons,1
matteo tura,1
mattia saviolo,1
mausio,1
mc marcinho,1
mc neguinho do itr,1
mc rf,1
mc rodrigo do cn,1
mc tuto,1
mc vuk vuk,1
mc vuziki,1
mc yogi,1
mc zudo bolado,1
mckinneys cotton pickers,1
mckyyy,1
md xspress,1
mdma,1
medi tuner,1
meditation music collective of lotus,1
mee,1
meek mill,1
megabaile do areias,1
megahit,1
megami,1
megan thee stallion,1
megaptera,1
megara vs dj lee,1
mc lucks,1
mc livinho,1
mc levin,1
mc c4,1
mausumi mishra,1
max brhon,1
max tase,1
maxam,1
maximikiz,1
maxximal,1
mayron remix,1
maz,1
mazzy star,1
mc bin laden,1
mc caja,1
mc lele,1
mc danone,1
mc don juan,1
mc fabinho da osk,1
mc frog,1
mc gontijo,1
mc guime,1
mc gw,1
mc hk da 7,1
mc j mito,1
mc jacare,1
mangoo,1
maneesh de moor,1
melatonement,1
lindyfay hella,1
liniker,1
linka,1
lipsleek,1
liquid bloom,1
lis addison,1
lister,1
little big,1
little lion sound,1
lllyric,1
lo magalhes,1
lo santana,1
loe vida,1
lone call,1
lonely night,1
lorenz koin,1
lorenzo ferrara,1
lost haven,1
lotus frequencies,1
louie vega,1
louie zong,1
louis armstrong his hot seven,1
louis c fer,1
louis cole,1
linea aspera,1
linda shanovitch,1
mammoth,1
limbu,1
led zeppelin,1
lee burridge,1
legal shot,1
leksingh,1
lemongrass,1
lemurian,1
len,1
lenfred,1
lenka,1
lenny kravitz,1
leo wadie,1
leon white,1
les paul,1
less than hollow,1
levandowskiy,1
lewis bennett,1
lhokanda,1
life flows,1
lifeforms,1
lil mosey,1
lil uzi vert,1
lil uzy,1
lil wayne,1
louis jordan,1
louis prima,1
love and a 38,1
lovixx,1
lxngvx,1
lxvely,1
lxzt,1
lykia,1
lynhare,1
lyre le temps,1
lz rockit,1
m david,1
maarten de jong,1
mad fiftyone,1
mada mountain,1
madonna,1
magic,1
magnavolt,1
mahalinga sastrigal,1
mahom,1
mainterm,1
mako,1
malandra jr,1
malditos jovens do reggae,1
malta,1
malu,1
malz monday,1
luxria,1
luv militia,1
lush simon,1
ludwig gransson,1
lovlenka,1
lp,1
luc dubwise,1
lucas bahr,1
lucas nord,1
lucid planet,1
lucidbeatz,1
lucy dacus,1
lucy vincent,1
ludwig albert,1
ludwig minkus,1
luniz,1
lue,1
luis paniagua,1
lukas graham,1
lukas rossi,1
lukasti,1
luke,1
luke noize,1
lum,1
lum1na,1
luma project,1
mehdi akhavan sales,1
melodycloud,1
league of legends,1
noise and nature,1
noisufx,1
nol coward,1
noltessa,1
nomadic,1
noo rasta,1
nora van elken,1
normandie,1
northaunt,1
not too much,1
notd,1
notsobad,1
noturnall,1
novi maschilton,1
novlik,1
novos baianos,1
nox doloris,1
nox terror,1
noyse,1
nu shooz,1
nuigloom,1
nusha,1
nxrthstxr,1
nxvamane,1
noise not war,1
noir,1
new constellations,1
nofx,1
nhale,1
nicholas shaw,1
nick shoulders,1
nico falla,1
nico moreno,1
nicolas errera,1
niels van gogh,1
niereich,1
night fx,1
night owl,1
nightmorss,1
nightstop,1
niladri kumar,1
nima aurora,1
nimah chantis,1
nine days,1
nine inch nails,1
ninezz,1
nini music,1
nirjon,1
nissan,1
niteblue,1
niyorah,1
o fil do brega,1
oaf1,1
oas,1
obanaj,1
onslaught,1
ony,1
opal,1
opus monik,1
orage et pluit,1
original indiana five,1
oriofonul,1
orla feeney,1
oroshi,1
os bares da pisadinha,1
os serranos,1
osaka,1
oscar peterson trio,1
osi and the jupiter,1
oskar med k,1
osseus,1
otis redding,1
otr,1
our mirage,1
ours samplus,1
out run,1
outrage,1
outroeu,1
onlymusicwithme,1
on dunes,1
omkar inamdar,1
odurachen,1
obi,1
oblxkq,1
obsidian mantra,1
obviame,1
ocean grove,1
oceanic mood,1
oceans ate alaska,1
odd chap,1
oddko,1
odiseo,1
odymel,1
omkar,1
of mice men,1
okami sky,1
olexandr ignatov,1
oli,1
oliver dollar,1
oliver heldens,1
ombience,1
ombraluce,1
omi,1
omid shabani,1
ney rosauro,1
neverlose,1
menog,1
mindfield,1
miraflor,1
miriam van steeg,1
missy elliott,1
mit,1
mitrowave,1
mitski,1
mixwell,1
miyagi endspiel,1
mm no beat,1
mme,1
mo beats,1
mod sun,1
modern8,1
modesty plains,1
moduz,1
mohamed ramadan,1
mohamed ramazan,1
mohammadreza shajarian,1
moji,1
moksi,1
momento,1
moments of divinity,1
monkyman,1
minimal criminal,1
mills blue rhythm band,1
nervo,1
million drops,1
messer,1
metal church,1
metal passage,1
method man,1
miane,1
michael haydn,1
michael katana,1
michael logozar,1
michael parker,1
michael sembello,1
michael silverman,1
mickey gilley,1
midnight danger,1
miguel,1
miia,1
mike love,1
mike m,1
mike perry,1
mike shinoda,1
mike williams,1
mike zaloxx,1
mikolai stroinski,1
miles from mars,1
mono,1
monolink,1
monsooners,1
montee,1
nafas,1
nailbomb,1
naomi sharon,1
narvent,1
nas damian jr gong marley,1
natalia pravdina,1
nathan thomson,1
nathaniel rateliff the night sweats,1
natural healing music zone,1
natural sound makers,1
natural tribulation,1
natures noise,1
naughty boy,1
naze,1
nazireu rupestre,1
ncts,1
neji,1
nelly,1
neon casket,1
neon eyes,1
neon trees,1
neosentient,1
nepenthesis,1
mythictune,1
my bad,1
mvmb,1
mr jazzek,1
montezuma,1
montgomery gentry,1
moondeity,1
moonrunner,1
moontonic,1
morgan page,1
morgenshtern,1
moshi moshi desu,1
mothica,1
mourning high,1
mr suit,1
muyu three,1
mr zebre,1
mrcia fellipe,1
mrkryl,1
msica relaxante para voc,1
muggy forecast,1
muni yogi,1
muqueta na oreia,1
murilo huff,1
music mood catalog,1
musica classica per bambini maestro mozy,1
lecrae,1
le youth,1
from the world,1
hiko,1
hillsong en espaol,1
hillsong young free,1
hilo,1
hippie sabotage,1
hirenth,1
hixtape,1
hkls,1
hlix,1
hmwme,1
holding absence,1
holly summers,1
holographic field,1
hondo,1
hopsin,1
hori,1
hot e oreia,1
hot milk,1
house home,1
howard lanin and his orchestra,1
huaira,1
human blue,1
humanoids,1
hungria hip hop,1
hildegard von gynku,1
high voltage,1
hardsok,1
hidden voices,1
harshit shankar,1
harvey danger,1
hatha priya,1
haunt me,1
hawthorne heights,1
hctm,1
healing meditation music,1
heals my heart,1
hector couto,1
hell driver,1
hello artemisia,1
hels dominion,1
helvitnir,1
henrique e montcarlo,1
henry fong,1
henry purcell,1
hentai xander,1
heris da resistncia,1
hermei,1
hers lake,1
hertzhunters,1
hexaliohm,1
hidden secret,1
huntrx,1
hypelezz,1
hypnocoustics,1
hypnoise,1
imaginarium,1
imjustluna,1
in flames,1
in this moment,1
inade,1
inbalanceca,1
indharma,1
indian calling,1
indian spirit,1
indigo spirit,1
indila,1
inhaler,1
inner circle,1
inner peace champions,1
inside the trojan horse,1
intended immigration,1
intervoid,1
intiche,1
iosio,1
iridio e irineu,1
irms freitas,1
iron savior,1
isaku kageyama,1
imad,1
ilver quad,1
illumination,1
ic3peak,1
hypocrisy,1
hypogeo,1
i am they,1
i haga xela,1
i4el,1
iamtrah,1
ian asher,1
ian carey,1
ian robert,1
iav,1
ice nine kills,1
ill nio,1
iceboy015,1
icehouse,1
ichiro,1
id,1
igda,1
ignaz friedman,1
igotu,1
ijaya gupta,1
ilan eshkeri,1
ilan or,1
hardy,1
harddope,1
iskcon bangalore,1
gemiro,1
genival lacerda,1
genkloud,1
gentleman,1
georg friedrich hndel,1
georg philipp telemann,1
george gershwin,1
george henrique rodrigo,1
george michael,1
george olsen,1
ghost data,1
ghostfire gaming,1
gi,1
gianni romano,1
gigi dagostino,1
gigi perez,1
gioachino rossini,1
giovanni battista martini,1
giraffage,1
giulia be,1
giulio caccini,1
gjenklang,1
glichery,1
global deejays,1
gene austin,1
geko,1
haraldur bergljt,1
geek music,1
frucci,1
frygian,1
fuel,1
fuimadane,1
full metal patriot,1
fungitron2000,1
funk tribu,1
funtcase,1
future foundation,1
futureshape,1
gabrel lafs,1
gabriel albuquerqe,1
gadaragh,1
galwaro,1
ganesha bhajans,1
ganlas,1
garcia,1
garmarna,1
garrett the gray,1
gaudi,1
gaura vani as kindred spirits,1
gayle,1
gazz,1
gloovez,1
glxxmstrider,1
goa doc,1
goa gubhar,1
guimero,1
guitarrista de atena,1
gulch,1
gupe,1
guratron 1988,1
gustav holst,1
gusted,1
guti,1
guttural disgorge,1
guy lombardo trio,1
gwen stefani,1
h8hood,1
habemos,1
haddaway,1
hailee steinfeld,1
hakim,1
hakobune,1
halfway house dance orchestra,1
hanami,1
hang playing hedge monkeys,1
hannah laing,1
hanoi hanoi,1
hanumankind,1
guilc,1
guerilla black,1
gryffin,1
gp da zl,1
goatlord corp,1
goatwhore,1
godspeed you black emperor,1
golden,1
golpe,1
gone cold,1
goodboys,1
goodwill hook n sling,1
goody grace,1
govinda priya,1
gproject,1
grupo fundo de quintal,1
grant,1
gravechill,1
gravelock,1
greta van fleet,1
greyvale,1
grimigan,1
groove brothers,1
groove delight,1
grooveroz,1
grover washington jr,1
isham jones,1
island drizzle,1
le tonnerre,1
kat von d,1
katia val,1
katla,1
katy nichole,1
kauffman,1
kaunan,1
kaya project,1
keanu silva,1
kedar pandit,1
keep flying,1
kelis,1
kelly clarkson,1
ken carson,1
kenny chesney,1
kenya grace,1
keshi,1
kevin wrenn,1
key humphrey,1
khen,1
khetzal,1
khomha,1
khubi,1
kick puncher,1
kickstxp,1
katana cartel,1
kaskade,1
juggerknot,1
kas dub sound system,1
jules massenet,1
julie london,1
juliet fox,1
julius pythoneus,1
jumpstreet,1
jungle kitchen,1
juni tinley,1
junior byles,1
junior delgado,1
jupiter grains,1
justin caruso,1
justin hurwitz,1
kai tracid,1
kaiser hulenstadt,1
kaito shoma,1
kakali sengupta,1
kalamity kills,1
kalush,1
kalvin love,1
kane ikin,1
kanye west,1
karnataka dawn,1
karsh kale,1
kid rock,1
kina,1
kina grannis,1
king 810,1
kverz,1
kx5,1
la kajofol,1
la roux,1
la sera,1
labyrinth,1
lacqua cade,1
ladakh,1
lalitya munshaw,1
lamente,1
landikhan,1
landon mcnamara,1
lara klart,1
lars huismann,1
lars la ville daniel waples,1
lars peters,1
laura branigan,1
laura les,1
laurel,1
lauren daigle,1
lauren duski,1
lauri,1
lbe nature recordings,1
kurt cobain,1
kudriavyi,1
ktrek,1
klee project,1
king dubear,1
king kong,1
kinto sol,1
kiran murti,1
kirklandd,1
kiss,1
kiz,1
klaada,1
klaas,1
klangkarussell,1
klinx,1
kt tunstall,1
kloud,1
klsch,1
kmfdm,1
kmj,1
knocked loose,1
kode iv,1
konyg,1
kotono tanaka,1
kshitij lata,1
kslv noh,1
juice newton,1
jrd,1
islandman,1
jai uttal,1
jake shimabukuro,1
jakone,1
jamback,1
james,1
james harkins,1
james king,1
james p johnson,1
james west,1
jameson nathan jones,1
jamie jones,1
japa,1
jason derlo,1
jason derulo,1
jason skynet,1
jasper de ceuster,1
jauz,1
javier bussola,1
jax jones,1
jay lumen,1
jay on the drums,1
jaydeep swadia,1
jaymes young,1
jeff ozmits,1
jaia,1
jagjit singh,1
jr thomas the volcanos,1
jagigoo,1
israel kamakawiwoole,1
it can be done,1
itsarius,1
ivete sangalo,1
iyaz,1
izkaya ten,1
izzy reign,1
j cole,1
j2,1
jaakob,1
jabbadub,1
jac jacozinho,1
jac redford the moscow symphony orchestra konstantin krimets,1
jacidorex,1
jack flynnoakley,1
jack hylton,1
jack hylton his orchestra,1
jack villa,1
jackson rose,1
jacob lizotte,1
jacob tillberg,1
jaden thompson,1
jads jadson,1
jeito moleque,1
jelly roll morton his red hot peppers,1
jengi,1
jeremy arndt,1
john askew,1
john field,1
john lugua,1
john rutter,1
johnny bond,1
johnny goth,1
johnny hodges,1
johnny mercer,1
joji hirota taiko drummers,1
jonathan colling,1
jonathan goldman,1
jonn serrie,1
joo paulo daniel,1
jordan burns,1
jorge ben,1
josh a,1
joshua bell,1
josphine baker,1
journeybox,1
jovem dionisio,1
jovens ateus,1
joyce alane,1
jpool,1
johann pachelbel,1
johann christian bach,1
joey risdon,1
jinjer,1
jeremy siepmann,1
jerome,1
jerome ismaae,1
jerry reed,1
jessie murph,1
jessy mach,1
jesus jones,1
jetlag music,1
jhandar dhibar,1
jimi green,1
jj,1
joep beving,1
jj lin,1
jjupiiter,1
jo,1
jo mar fred,1
jo mersa marley,1
joa abbot,1
joaqun cornejo,1
jochen joker,1
joe yorke,1
joel beukers,1
zz top,1
